dish_id,restaurant_id,price
1,17,76
1,26,91
1,88,45
1,11,30
1,58,65
2,48,50
2,32,19
2,77,84
2,88,23
2,96,23
3,16,1
3,100,12
3,55,42
3,14,14
3,96,33
4,65,69
4,93,77
4,21,19
4,55,20
4,2,10
5,88,51
5,100,11
5,83,36
5,25,46
5,70,74
6,99,31
6,69,52
6,21,51
6,40,95
6,82,2
7,36,24
7,88,22
7,98,90
7,7,87
7,50,52
8,92,97
8,35,31
8,74,25
8,12,33
8,52,58
9,29,68
9,21,59
9,9,96
9,100,4
9,1,46
10,77,91
10,30,21
10,81,16
10,18,56
10,55,46
11,11,18
11,40,17
11,54,12
11,14,20
11,44,4
12,59,44
12,82,24
12,48,11
12,91,45
12,36,18
13,97,99
13,69,46
13,35,85
13,25,13
13,50,20
14,32,70
14,12,98
14,85,79
14,34,18
14,8,57
15,82,5
15,28,50
15,25,71
15,5,50
15,99,24
16,70,77
16,65,36
16,17,3
16,44,90
16,92,54
17,44,76
17,99,80
17,78,54
17,28,30
17,90,29
18,75,5
18,46,57
18,69,22
18,22,61
18,24,95
19,12,10
19,15,99
19,77,85
19,37,49
19,97,35
20,32,34
20,14,86
20,3,84
20,35,34
20,84,1
21,68,31
21,69,26
21,54,29
21,30,8
21,36,6
22,65,83
22,42,91
22,83,6
22,29,27
22,51,44
23,15,100
23,75,24
23,49,58
23,97,77
23,17,61
24,62,8
24,30,69
24,63,94
24,100,68
24,45,49
25,88,76
25,53,87
25,59,41
25,100,49
25,3,38
26,38,61
26,66,85
26,76,76
26,26,63
26,3,22
27,17,18
27,50,91
27,31,100
27,13,49
27,46,6
28,31,44
28,61,37
28,29,50
28,63,4
28,18,26
29,60,88
29,49,66
29,76,3
29,90,30
29,59,95
30,15,60
30,41,65
30,7,7
30,20,56
30,9,17
31,59,54
31,16,2
31,84,2
31,3,97
31,85,19
32,13,18
32,25,37
32,66,34
32,8,17
32,46,79
33,95,22
33,55,37
33,11,19
33,58,36
33,88,77
34,58,91
34,46,26
34,82,11
34,92,87
34,93,26
35,48,66
35,93,75
35,56,29
35,36,95
35,100,51
36,48,79
36,70,65
36,39,81
36,32,53
36,92,50
37,97,53
37,9,39
37,87,51
37,52,65
37,37,90
38,44,93
38,41,15
38,4,33
38,8,88
38,6,60
39,75,81
39,96,89
39,29,94
39,55,9
39,48,79
40,95,65
40,89,11
40,81,84
40,37,50
40,16,50
41,77,22
41,60,63
41,94,1
41,88,65
41,79,55
42,32,14
42,27,80
42,21,48
42,38,90
42,2,61
43,87,8
43,13,40
43,11,76
43,51,51
43,52,61
44,98,60
44,39,3
44,9,43
44,16,35
44,75,15
45,90,34
45,9,60
45,50,3
45,96,25
45,63,40
46,38,41
46,62,28
46,76,31
46,1,39
46,29,93
47,98,53
47,77,50
47,89,68
47,86,24
47,50,90
48,53,40
48,48,1
48,96,41
48,9,89
48,36,64
49,92,29
49,52,56
49,23,100
49,43,72
49,27,4
50,8,52
50,7,59
50,55,57
50,11,95
50,81,73
51,77,14
51,26,68
51,17,48
51,32,20
51,24,13
52,5,78
52,58,61
52,11,32
52,69,90
52,17,67
53,27,38
53,77,1
53,30,2
53,68,26
53,46,26
54,39,81
54,91,79
54,54,27
54,97,22
54,51,47
55,24,47
55,74,57
55,72,55
55,38,58
55,64,66
56,84,61
56,11,54
56,29,81
56,1,62
56,4,49
57,53,57
57,70,64
57,63,100
57,36,25
57,2,47
58,3,94
58,19,66
58,58,31
58,78,47
58,42,79
59,47,4
59,43,48
59,22,28
59,13,69
59,40,1
60,4,40
60,18,92
60,78,21
60,56,78
60,25,52
61,18,38
61,68,32
61,72,84
61,100,41
61,37,94
62,94,53
62,25,37
62,95,68
62,99,60
62,8,71
63,27,1
63,23,76
63,56,69
63,16,62
63,9,5
64,77,63
64,25,41
64,58,53
64,54,94
64,90,36
65,53,43
65,98,7
65,48,13
65,47,71
65,42,14
66,63,99
66,86,15
66,59,79
66,30,27
66,61,77
67,51,96
67,1,77
67,73,84
67,60,28
67,57,8
68,16,66
68,59,12
68,79,96
68,78,62
68,36,19
69,76,72
69,14,45
69,75,76
69,4,17
69,8,13
70,35,28
70,83,50
70,86,19
70,69,99
70,68,30
71,20,49
71,82,46
71,17,84
71,13,90
71,40,70
72,47,13
72,60,17
72,24,91
72,89,97
72,62,86
73,5,46
73,79,91
73,31,39
73,11,67
73,88,40
74,20,53
74,63,69
74,23,33
74,18,94
74,37,70
75,19,89
75,3,72
75,57,11
75,68,74
75,65,33
76,16,90
76,27,46
76,62,11
76,85,38
76,93,85
77,36,24
77,49,10
77,18,62
77,71,79
77,31,30
78,11,2
78,61,15
78,33,39
78,79,67
78,86,16
79,38,3
79,4,96
79,24,38
79,1,79
79,68,94
80,4,78
80,44,48
80,47,33
80,88,99
80,66,58
81,71,92
81,93,84
81,26,99
81,22,77
81,49,14
82,56,54
82,91,71
82,81,35
82,53,74
82,63,31
83,43,10
83,37,95
83,91,47
83,32,29
83,78,58
84,93,80
84,9,64
84,11,50
84,24,26
84,88,100
85,65,98
85,95,19
85,6,56
85,33,39
85,73,23
86,79,25
86,89,24
86,42,9
86,24,36
86,21,89
87,96,44
87,93,25
87,69,44
87,56,96
87,86,73
88,9,89
88,95,80
88,72,78
88,43,20
88,69,29
89,55,21
89,48,59
89,4,73
89,91,57
89,37,31
90,3,92
90,49,59
90,54,83
90,90,30
90,7,40
91,68,77
91,48,50
91,11,77
91,30,31
91,65,71
92,90,44
92,4,49
92,61,37
92,99,28
92,14,54
93,62,40
93,38,80
93,77,80
93,88,65
93,29,25
94,23,35
94,17,56
94,86,20
94,85,58
94,61,15
95,93,59
95,15,37
95,51,83
95,47,100
95,30,40
96,13,22
96,82,76
96,8,11
96,51,87
96,91,91
97,91,30
97,20,31
97,44,97
97,31,44
97,48,43
98,46,98
98,98,61
98,4,8
98,15,99
98,1,17
99,80,81
99,25,73
99,88,68
99,62,10
99,93,85
100,85,39
100,55,18
100,43,88
100,95,36
100,48,40
101,100,82
101,27,83
101,46,93
101,66,81
101,85,16
102,73,97
102,63,95
102,4,95
102,54,8
102,77,92
103,22,75
103,90,86
103,45,89
103,69,62
103,46,35
104,55,19
104,82,40
104,81,96
104,92,12
104,89,98
105,69,98
105,33,66
105,28,79
105,68,6
105,9,47
106,10,69
106,64,90
106,11,77
106,19,55
106,49,50
107,18,82
107,35,86
107,23,44
107,7,77
107,14,55
108,20,17
108,46,1
108,72,52
108,52,5
108,68,47
109,10,74
109,45,77
109,66,40
109,47,95
109,79,71
110,2,59
110,90,68
110,41,26
110,43,60
110,10,10
111,56,89
111,69,29
111,79,19
111,65,15
111,11,15
112,21,2
112,57,30
112,32,81
112,83,79
112,46,6
113,5,97
113,82,76
113,43,1
113,29,30
113,96,38
114,1,81
114,68,82
114,55,72
114,22,97
114,67,1
115,80,73
115,36,64
115,1,59
115,54,62
115,13,85
116,84,73
116,59,29
116,39,1
116,77,5
116,41,68
117,57,34
117,80,4
117,17,67
117,82,88
117,50,87
118,6,75
118,27,74
118,88,31
118,1,29
118,59,4
119,2,19
119,68,18
119,8,35
119,65,85
119,29,96
120,36,31
120,77,37
120,58,69
120,13,18
120,81,44
121,34,25
121,44,19
121,35,31
121,12,100
121,98,65
122,28,3
122,87,63
122,72,66
122,49,58
122,2,25
123,29,71
123,50,70
123,2,34
123,64,81
123,86,67
124,8,91
124,44,23
124,56,4
124,54,91
124,73,1
125,43,74
125,90,38
125,27,35
125,68,50
125,10,71
126,73,24
126,13,66
126,80,74
126,10,99
126,65,70
127,17,22
127,75,27
127,51,53
127,11,78
127,15,14
128,35,48
128,92,66
128,62,87
128,98,39
128,1,35
129,78,42
129,1,36
129,85,27
129,51,53
129,16,40
130,75,17
130,58,56
130,66,41
130,64,3
130,25,100
131,55,65
131,98,6
131,100,15
131,43,57
131,53,67
132,57,4
132,40,25
132,35,96
132,95,93
132,79,76
133,25,41
133,71,22
133,77,53
133,36,10
133,19,67
134,87,63
134,16,60
134,44,81
134,15,70
134,48,98
135,92,15
135,63,91
135,78,7
135,34,53
135,33,76
136,76,21
136,38,21
136,96,16
136,99,93
136,53,44
137,54,20
137,1,3
137,48,61
137,10,24
137,53,79
138,72,86
138,51,2
138,60,60
138,77,29
138,16,36
139,24,89
139,84,5
139,62,7
139,15,92
139,61,78
140,26,67
140,34,100
140,99,78
140,38,10
140,100,70
141,60,27
141,4,33
141,96,44
141,47,45
141,100,32
142,82,29
142,17,22
142,53,61
142,37,26
142,34,41
143,63,58
143,25,39
143,91,58
143,21,68
143,93,79
144,90,77
144,43,66
144,20,32
144,32,19
144,68,58
145,37,54
145,23,25
145,41,6
145,34,77
145,63,79
146,35,55
146,14,2
146,21,13
146,53,66
146,44,91
147,67,18
147,96,14
147,100,87
147,32,66
147,59,65
148,12,75
148,54,79
148,27,47
148,71,98
148,73,9
149,37,13
149,26,94
149,92,29
149,4,66
149,64,100
150,30,1
150,36,7
150,47,34
150,54,73
150,63,77
151,84,97
151,13,85
151,31,38
151,86,41
151,17,80
152,62,18
152,54,54
152,90,25
152,84,90
152,11,65
153,58,94
153,92,50
153,9,4
153,57,78
153,83,73
154,14,85
154,12,78
154,22,19
154,43,52
154,53,25
155,29,39
155,32,88
155,28,15
155,90,33
155,67,84
156,62,22
156,83,27
156,48,32
156,28,79
156,85,13
157,30,92
157,81,50
157,58,81
157,91,45
157,50,41
158,38,57
158,32,82
158,74,33
158,92,43
158,80,83
159,71,31
159,8,22
159,7,40
159,49,90
159,5,75
160,20,10
160,91,80
160,45,12
160,35,73
160,79,83
161,85,54
161,41,83
161,4,48
161,53,10
161,20,55
162,2,99
162,62,60
162,40,40
162,84,50
162,7,15
163,53,17
163,31,88
163,55,79
163,41,28
163,20,20
164,43,13
164,74,56
164,23,86
164,39,48
164,10,60
165,5,91
165,92,74
165,63,58
165,68,22
165,9,88
166,92,59
166,68,43
166,25,59
166,5,90
166,91,9
167,57,12
167,24,40
167,80,50
167,21,25
167,97,59
168,92,25
168,93,12
168,71,96
168,81,79
168,64,52
169,50,20
169,39,35
169,63,46
169,94,56
169,99,97
170,77,23
170,44,1
170,28,3
170,61,73
170,47,72
171,65,3
171,15,100
171,91,30
171,88,73
171,22,47
172,77,66
172,46,68
172,82,75
172,24,50
172,71,5
173,83,36
173,50,97
173,37,93
173,46,35
173,45,36
174,89,93
174,96,33
174,95,97
174,49,10
174,70,4
175,100,19
175,11,75
175,77,44
175,24,36
175,58,19
176,48,74
176,75,75
176,66,51
176,17,95
176,68,89
177,7,12
177,89,43
177,37,85
177,30,70
177,53,33
178,94,98
178,25,29
178,75,77
178,99,11
178,57,1
179,78,51
179,74,6
179,28,54
179,4,59
179,96,83
180,71,5
180,72,76
180,37,41
180,68,66
180,57,70
181,54,48
181,86,100
181,89,22
181,6,13
181,21,5
182,64,80
182,73,86
182,22,57
182,9,31
182,41,17
183,67,54
183,16,44
183,79,8
183,36,92
183,95,12
184,89,3
184,63,58
184,20,27
184,35,46
184,23,70
185,52,39
185,17,8
185,68,11
185,82,1
185,35,3
186,40,68
186,62,58
186,91,98
186,69,47
186,60,19
187,100,80
187,19,2
187,34,15
187,77,36
187,20,19
188,15,56
188,23,82
188,96,92
188,42,21
188,48,65
189,11,17
189,3,85
189,10,89
189,70,41
189,93,94
190,1,39
190,6,39
190,51,50
190,28,99
190,65,61
191,63,75
191,30,92
191,2,93
191,70,1
191,12,53
192,24,8
192,42,10
192,6,100
192,13,84
192,56,2
193,78,43
193,47,94
193,7,62
193,40,57
193,33,77
194,84,2
194,26,97
194,69,42
194,98,93
194,15,12
195,46,69
195,55,52
195,20,40
195,39,14
195,61,56
196,19,58
196,88,67
196,76,52
196,51,77
196,81,34
197,20,83
197,97,65
197,82,72
197,77,67
197,47,62
198,6,43
198,77,68
198,93,66
198,43,62
198,88,91
199,38,94
199,93,84
199,96,94
199,69,10
199,79,21
200,41,24
200,45,93
200,84,27
200,25,29
200,57,89
201,29,28
201,12,1
201,48,56
201,78,70
201,23,5
202,23,35
202,72,56
202,32,77
202,60,27
202,36,53
203,18,83
203,31,7
203,59,17
203,65,29
203,5,49
204,24,45
204,66,96
204,94,45
204,83,64
204,44,50
205,53,5
205,56,44
205,28,59
205,41,35
205,81,84
206,85,44
206,12,36
206,13,40
206,47,4
206,18,93
207,73,25
207,29,51
207,23,68
207,11,33
207,16,38
208,93,43
208,58,18
208,53,33
208,10,80
208,12,63
209,54,41
209,20,94
209,85,46
209,1,39
209,80,93
210,21,88
210,55,2
210,6,28
210,52,54
210,98,90
211,61,70
211,10,85
211,47,32
211,32,93
211,41,82
212,21,33
212,47,26
212,12,62
212,53,42
212,65,49
213,74,50
213,40,74
213,54,70
213,65,69
213,46,88
214,5,51
214,76,36
214,41,42
214,1,1
214,90,17
215,90,43
215,55,3
215,26,33
215,2,7
215,15,63
216,99,29
216,40,48
216,87,52
216,73,6
216,55,78
217,13,99
217,44,68
217,6,46
217,30,47
217,17,14
218,41,11
218,23,37
218,96,1
218,66,37
218,56,48
219,60,45
219,41,33
219,73,12
219,48,74
219,97,77
220,28,14
220,72,42
220,22,39
220,44,6
220,83,87
221,31,27
221,55,48
221,24,83
221,63,13
221,11,29
222,41,70
222,97,5
222,73,58
222,78,67
222,45,97
223,64,20
223,72,28
223,84,79
223,75,18
223,14,94
224,22,44
224,29,61
224,26,13
224,17,32
224,32,23
225,26,80
225,41,60
225,67,40
225,94,77
225,25,97
226,97,83
226,78,18
226,62,10
226,1,45
226,45,10
227,96,49
227,84,74
227,85,72
227,45,23
227,44,20
228,5,84
228,80,55
228,1,73
228,92,43
228,12,95
229,12,56
229,100,58
229,48,45
229,14,11
229,29,94
230,78,10
230,81,68
230,45,62
230,27,46
230,44,61
231,4,36
231,94,24
231,100,69
231,77,71
231,65,52
232,83,36
232,7,53
232,68,72
232,65,70
232,9,25
233,90,42
233,8,94
233,21,47
233,25,84
233,30,18
234,98,14
234,64,44
234,100,28
234,56,33
234,61,24
235,36,52
235,16,89
235,6,88
235,55,48
235,89,75
236,37,8
236,74,87
236,4,10
236,9,78
236,46,32
237,74,27
237,5,9
237,18,100
237,58,90
237,40,94
238,71,71
238,81,26
238,7,9
238,42,13
238,69,3
239,48,71
239,25,12
239,88,18
239,84,94
239,33,74
240,6,44
240,5,49
240,4,14
240,9,22
240,42,78
241,62,40
241,97,95
241,1,52
241,86,7
241,8,70
242,79,62
242,25,86
242,22,22
242,11,91
242,43,32
243,1,69
243,87,23
243,14,62
243,45,24
243,57,73
244,34,26
244,77,56
244,21,12
244,18,40
244,94,53
245,34,59
245,75,89
245,94,83
245,84,92
245,85,51
246,40,17
246,21,83
246,81,83
246,18,56
246,75,61
247,47,19
247,21,84
247,9,94
247,40,93
247,72,52
248,92,17
248,38,32
248,76,18
248,42,83
248,85,16
249,88,86
249,55,17
249,9,16
249,52,86
249,12,36
250,48,98
250,61,62
250,2,25
250,64,64
250,88,95
251,46,46
251,29,18
251,97,38
251,77,33
251,99,47
252,7,90
252,64,69
252,32,32
252,22,48
252,20,67
253,40,55
253,85,24
253,56,32
253,6,41
253,53,61
254,7,14
254,21,58
254,19,26
254,75,40
254,14,87
255,35,43
255,3,95
255,96,40
255,85,16
255,71,55
256,26,82
256,66,86
256,64,5
256,93,82
256,71,23
257,88,62
257,24,32
257,29,70
257,76,2
257,96,86
258,49,67
258,57,17
258,5,1
258,77,44
258,33,26
259,82,14
259,60,57
259,17,71
259,77,68
259,21,61
260,1,45
260,11,94
260,49,68
260,64,93
260,40,38
261,68,43
261,29,79
261,22,55
261,23,33
261,84,92
262,39,71
262,93,49
262,18,7
262,21,44
262,4,27
263,62,85
263,14,92
263,43,52
263,10,77
263,85,60
264,5,60
264,82,54
264,25,77
264,37,50
264,76,49
265,91,37
265,8,3
265,96,30
265,95,3
265,20,7
266,33,87
266,35,20
266,57,87
266,67,81
266,23,50
267,24,70
267,2,98
267,75,45
267,42,66
267,69,81
268,35,35
268,83,4
268,94,69
268,24,36
268,29,79
269,44,93
269,69,81
269,77,2
269,17,14
269,66,32
270,7,92
270,25,35
270,15,22
270,70,69
270,13,43
271,4,46
271,54,93
271,27,65
271,17,32
271,77,15
272,10,66
272,84,92
272,44,9
272,83,89
272,67,79
273,78,94
273,14,50
273,1,12
273,33,78
273,72,77
274,100,13
274,86,45
274,82,72
274,39,23
274,9,12
275,67,56
275,44,49
275,64,68
275,92,85
275,19,43
276,69,20
276,89,66
276,43,24
276,10,71
276,83,17
277,45,57
277,32,56
277,30,41
277,65,77
277,79,52
278,23,84
278,67,16
278,75,63
278,34,38
278,33,70
279,38,14
279,98,26
279,62,40
279,69,20
279,70,40
280,5,82
280,53,32
280,13,82
280,63,96
280,94,92
281,46,42
281,15,35
281,49,46
281,78,100
281,93,18
282,6,8
282,90,22
282,23,50
282,96,37
282,46,86
283,100,7
283,62,57
283,60,11
283,90,66
283,77,89
284,42,13
284,92,91
284,96,37
284,70,40
284,51,43
285,15,50
285,87,66
285,11,78
285,5,83
285,17,35
286,41,68
286,52,60
286,80,58
286,76,63
286,68,68
287,40,60
287,87,97
287,74,42
287,72,92
287,53,62
288,41,2
288,83,2
288,7,98
288,66,87
288,28,75
289,4,96
289,13,42
289,17,16
289,36,53
289,38,54
290,55,42
290,9,76
290,41,37
290,22,1
290,61,98
291,29,55
291,50,64
291,62,64
291,20,70
291,24,38
292,44,98
292,15,12
292,95,19
292,36,38
292,69,72
293,97,23
293,59,16
293,91,75
293,69,75
293,42,41
294,61,14
294,70,83
294,71,31
294,51,98
294,13,34
295,44,1
295,10,49
295,34,59
295,74,70
295,49,32
296,77,37
296,15,71
296,87,77
296,37,18
296,69,58
297,8,6
297,86,24
297,87,31
297,96,16
297,90,3
298,12,54
298,13,77
298,52,59
298,3,16
298,91,85
299,52,50
299,88,11
299,5,58
299,11,58
299,3,95
300,56,80
300,44,28
300,36,95
300,59,80
300,46,13
301,16,59
301,43,81
301,32,60
301,26,52
301,83,31
302,9,26
302,40,7
302,10,7
302,60,17
302,23,82
303,39,55
303,68,98
303,59,54
303,73,16
303,1,34
304,50,100
304,32,1
304,16,23
304,82,69
304,1,16
305,33,26
305,58,30
305,56,8
305,80,15
305,63,76
306,57,42
306,3,82
306,98,32
306,1,80
306,65,44
307,41,39
307,6,39
307,7,55
307,60,74
307,48,89
308,95,49
308,16,52
308,70,49
308,60,27
308,24,82
309,87,58
309,57,38
309,93,53
309,28,13
309,45,33
310,97,32
310,63,93
310,51,18
310,76,89
310,95,68
311,17,100
311,25,44
311,24,48
311,7,64
311,65,84
312,60,58
312,61,25
312,7,28
312,27,91
312,5,39
313,6,54
313,2,13
313,49,41
313,4,62
313,17,61
314,75,74
314,44,29
314,59,56
314,4,64
314,14,87
315,58,46
315,84,60
315,39,84
315,45,11
315,7,10
316,1,95
316,31,77
316,40,77
316,60,68
316,50,60
317,68,64
317,4,69
317,31,38
317,48,77
317,93,88
318,70,25
318,69,99
318,78,80
318,44,87
318,35,65
319,95,74
319,14,77
319,96,64
319,52,30
319,16,93
320,98,51
320,62,36
320,46,36
320,70,33
320,97,37
321,65,96
321,34,75
321,59,86
321,52,62
321,89,80
322,72,39
322,3,99
322,66,44
322,95,95
322,89,22
323,62,9
323,25,79
323,20,2
323,71,4
323,4,2
324,29,99
324,84,34
324,48,76
324,11,35
324,22,58
325,58,69
325,83,7
325,71,69
325,76,74
325,10,70
326,37,35
326,15,47
326,38,57
326,23,53
326,4,4
327,100,12
327,3,92
327,28,77
327,79,94
327,87,23
328,74,51
328,33,78
328,38,99
328,66,49
328,73,58
329,10,57
329,65,74
329,67,10
329,81,93
329,24,29
330,77,100
330,15,37
330,96,92
330,86,20
330,25,26
331,67,26
331,29,19
331,41,40
331,47,11
331,88,96
332,100,36
332,98,52
332,51,41
332,28,80
332,29,56
333,12,47
333,60,48
333,56,26
333,61,29
333,16,37
334,75,48
334,22,39
334,91,90
334,15,7
334,58,21
335,89,43
335,76,51
335,86,58
335,95,82
335,41,56
336,10,41
336,24,92
336,99,35
336,4,20
336,20,12
337,98,26
337,66,43
337,45,29
337,78,74
337,50,85
338,70,85
338,99,61
338,94,16
338,7,36
338,15,71
339,6,71
339,74,28
339,63,35
339,22,8
339,24,60
340,3,8
340,71,61
340,64,43
340,56,66
340,41,71
341,21,12
341,61,88
341,9,15
341,91,68
341,47,45
342,70,37
342,90,4
342,61,64
342,5,92
342,63,53
343,5,30
343,45,24
343,27,65
343,53,25
343,76,22
344,49,25
344,52,39
344,31,1
344,67,100
344,74,67
345,97,21
345,59,25
345,43,98
345,95,7
345,55,25
346,31,13
346,63,100
346,59,89
346,83,25
346,20,88
347,13,59
347,73,72
347,70,26
347,77,28
347,100,85
348,8,61
348,14,51
348,25,25
348,44,78
348,21,21
349,30,22
349,57,73
349,59,88
349,72,21
349,69,29
350,99,46
350,17,44
350,55,20
350,54,36
350,31,27
351,81,38
351,20,65
351,46,61
351,59,25
351,55,25
352,33,36
352,7,16
352,9,64
352,19,43
352,23,55
353,3,64
353,32,93
353,22,90
353,96,3
353,49,8
354,91,89
354,15,77
354,33,85
354,47,5
354,41,19
355,72,64
355,47,80
355,25,66
355,66,20
355,41,58
356,3,44
356,58,71
356,87,7
356,26,55
356,70,19
357,60,50
357,40,78
357,65,70
357,6,13
357,11,35
358,93,66
358,97,3
358,86,67
358,64,18
358,69,54
359,60,16
359,34,20
359,6,94
359,42,87
359,39,94
360,74,60
360,13,24
360,25,34
360,39,71
360,37,57
361,61,23
361,85,60
361,31,55
361,54,73
361,92,31
362,12,28
362,50,81
362,79,55
362,48,53
362,15,99
363,65,16
363,18,51
363,75,27
363,96,60
363,46,82
364,45,52
364,56,85
364,80,43
364,48,94
364,61,64
365,38,98
365,56,77
365,76,100
365,86,26
365,84,43
366,4,23
366,26,92
366,98,42
366,73,31
366,83,72
367,96,65
367,81,59
367,46,15
367,91,22
367,57,67
368,36,41
368,29,96
368,23,93
368,35,77
368,86,92
369,70,96
369,20,1
369,11,67
369,27,35
369,56,47
370,80,63
370,96,94
370,91,46
370,21,8
370,1,91
371,26,42
371,27,30
371,37,46
371,81,57
371,8,52
372,52,30
372,69,67
372,19,70
372,70,37
372,10,54
373,20,91
373,60,57
373,62,60
373,70,87
373,13,60
374,95,80
374,53,94
374,27,18
374,1,99
374,30,6
375,86,73
375,12,12
375,21,35
375,77,9
375,56,66
376,43,7
376,93,20
376,17,66
376,7,43
376,82,95
377,71,97
377,69,59
377,9,44
377,22,47
377,60,29
378,11,4
378,90,44
378,36,84
378,12,34
378,3,47
379,62,50
379,5,25
379,42,9
379,40,85
379,31,18
380,77,99
380,93,80
380,71,71
380,97,95
380,30,69
381,57,22
381,39,78
381,15,89
381,82,95
381,21,39
382,17,18
382,71,29
382,8,19
382,74,21
382,39,21
383,56,33
383,49,40
383,72,70
383,42,22
383,3,58
384,3,88
384,19,53
384,76,56
384,20,86
384,45,61
385,71,93
385,32,49
385,42,6
385,38,43
385,87,78
386,70,20
386,76,8
386,87,98
386,95,7
386,26,84
387,84,7
387,92,18
387,53,13
387,89,89
387,49,87
388,3,66
388,88,54
388,11,83
388,13,44
388,52,86
389,65,2
389,97,95
389,55,78
389,85,11
389,39,38
390,21,56
390,83,82
390,73,44
390,39,22
390,40,34
391,6,24
391,11,5
391,31,52
391,89,24
391,30,64
392,78,83
392,64,94
392,35,84
392,52,54
392,46,14
393,38,50
393,95,72
393,47,63
393,9,72
393,1,40
394,59,5
394,42,85
394,83,54
394,55,38
394,10,33
395,88,48
395,47,47
395,4,12
395,7,48
395,100,27
396,11,80
396,15,2
396,41,96
396,62,55
396,85,42
397,21,29
397,47,56
397,64,58
397,73,28
397,88,62
398,17,44
398,87,11
398,58,39
398,85,10
398,10,83
399,24,37
399,2,73
399,51,80
399,48,55
399,63,97
400,30,72
400,84,36
400,21,57
400,78,4
400,64,67
401,62,88
401,100,59
401,63,47
401,50,91
401,95,60
402,57,78
402,51,11
402,82,92
402,74,24
402,16,33
403,34,10
403,56,20
403,42,34
403,78,54
403,93,15
404,83,80
404,77,94
404,40,35
404,61,2
404,6,29
405,27,29
405,81,80
405,51,35
405,87,50
405,4,82
406,28,70
406,98,47
406,35,67
406,56,37
406,97,69
407,70,87
407,91,52
407,68,16
407,24,61
407,98,27
408,28,77
408,37,44
408,92,4
408,99,46
408,11,29
409,36,17
409,100,38
409,79,98
409,45,89
409,50,78
410,49,93
410,6,43
410,29,78
410,44,73
410,76,84
411,88,58
411,44,69
411,3,28
411,23,90
411,17,11
412,9,25
412,91,4
412,58,82
412,96,73
412,14,34
413,51,66
413,49,82
413,50,99
413,91,44
413,35,8
414,28,95
414,23,53
414,75,32
414,8,15
414,78,45
415,90,32
415,57,14
415,94,69
415,6,31
415,92,100
416,99,98
416,53,66
416,82,38
416,91,70
416,31,45
417,92,4
417,36,39
417,26,37
417,33,21
417,24,85
418,92,62
418,40,3
418,29,38
418,48,64
418,80,25
419,97,82
419,80,9
419,39,92
419,93,70
419,46,84
420,69,85
420,53,5
420,70,46
420,61,29
420,60,80
421,31,57
421,90,7
421,79,95
421,3,92
421,32,11
422,47,31
422,73,14
422,61,5
422,99,37
422,9,2
423,97,7
423,29,12
423,80,17
423,65,45
423,67,8
424,66,90
424,25,57
424,81,27
424,52,49
424,35,81
425,70,64
425,67,90
425,7,92
425,11,93
425,27,47
426,66,75
426,68,81
426,62,80
426,36,98
426,71,4
427,59,41
427,96,48
427,1,65
427,75,20
427,57,97
428,71,84
428,14,78
428,25,47
428,47,93
428,91,72
429,72,15
429,71,78
429,77,90
429,75,2
429,32,87
430,38,100
430,28,86
430,74,98
430,73,43
430,41,3
431,89,67
431,1,60
431,8,62
431,27,86
431,15,27
432,7,81
432,82,99
432,90,66
432,17,68
432,98,8
433,73,1
433,29,82
433,4,53
433,68,87
433,75,1
434,16,98
434,44,76
434,9,66
434,72,20
434,35,4
435,6,60
435,92,53
435,35,46
435,64,97
435,72,47
436,72,72
436,93,92
436,69,20
436,64,27
436,73,74
437,26,45
437,18,18
437,43,53
437,48,67
437,91,14
438,74,94
438,59,86
438,19,27
438,87,80
438,71,91
439,4,97
439,49,20
439,88,64
439,98,65
439,74,42
440,60,77
440,95,19
440,80,25
440,35,54
440,15,41
441,19,56
441,11,11
441,83,68
441,67,100
441,91,74
442,72,50
442,95,50
442,62,11
442,38,6
442,46,87
443,74,87
443,100,69
443,53,97
443,69,23
443,73,27
444,30,34
444,92,39
444,5,91
444,1,23
444,43,1
445,61,69
445,25,54
445,17,32
445,72,43
445,83,20
446,76,23
446,18,31
446,7,30
446,61,2
446,68,68
447,74,40
447,53,50
447,66,73
447,55,55
447,42,36
448,2,48
448,86,72
448,70,19
448,59,65
448,29,76
449,33,40
449,61,63
449,20,71
449,93,25
449,57,33
450,18,60
450,32,52
450,51,73
450,9,89
450,11,93
451,29,52
451,2,53
451,66,35
451,81,8
451,96,67
452,41,56
452,3,88
452,15,98
452,49,85
452,36,49
453,70,20
453,87,63
453,22,48
453,25,98
453,55,41
454,100,89
454,32,13
454,76,3
454,50,54
454,23,58
455,12,28
455,20,82
455,84,61
455,5,22
455,30,26
456,6,52
456,85,51
456,63,16
456,84,95
456,78,24
457,58,4
457,65,70
457,37,2
457,44,32
457,63,2
458,18,67
458,75,31
458,69,10
458,34,15
458,97,38
459,43,22
459,87,28
459,81,97
459,52,6
459,26,51
460,88,4
460,8,85
460,82,4
460,54,19
460,96,39
461,8,90
461,95,20
461,67,90
461,29,44
461,16,47
462,36,9
462,50,21
462,83,34
462,27,43
462,45,88
463,27,75
463,99,98
463,11,68
463,38,2
463,15,67
464,51,43
464,1,79
464,19,57
464,48,54
464,69,61
465,59,27
465,33,2
465,20,87
465,24,5
465,32,69
466,61,44
466,22,11
466,29,25
466,10,15
466,47,10
467,46,1
467,6,21
467,100,19
467,81,67
467,20,84
468,79,98
468,58,17
468,64,25
468,71,93
468,68,85
469,7,11
469,27,30
469,53,67
469,21,60
469,19,55
470,71,56
470,26,16
470,18,77
470,47,12
470,53,60
471,45,91
471,36,80
471,89,48
471,83,83
471,70,70
472,99,11
472,91,97
472,21,48
472,47,23
472,74,65
473,74,65
473,27,33
473,20,35
473,51,96
473,46,23
474,1,28
474,47,69
474,10,57
474,41,65
474,31,94
475,76,13
475,99,91
475,64,4
475,24,60
475,9,1
476,77,30
476,27,38
476,48,32
476,23,84
476,71,84
477,31,14
477,61,7
477,72,89
477,60,87
477,53,39
478,22,38
478,50,90
478,79,27
478,47,45
478,53,46
479,39,10
479,70,39
479,11,36
479,62,56
479,99,37
480,22,75
480,36,83
480,80,93
480,54,41
480,95,15
481,98,80
481,4,25
481,53,78
481,40,71
481,22,92
482,21,74
482,81,4
482,52,31
482,17,62
482,99,15
483,63,64
483,23,27
483,52,45
483,99,54
483,48,37
484,33,22
484,10,40
484,63,35
484,2,69
484,66,59
485,21,85
485,70,40
485,95,43
485,13,92
485,24,64
486,62,40
486,46,46
486,40,25
486,84,96
486,81,94
487,79,44
487,48,90
487,29,32
487,92,53
487,89,54
488,11,33
488,75,92
488,77,38
488,66,62
488,71,59
489,21,78
489,95,55
489,85,2
489,48,91
489,58,39
490,38,58
490,25,56
490,61,64
490,28,93
490,35,50
491,53,97
491,31,83
491,97,87
491,39,26
491,18,48
492,8,22
492,59,18
492,84,50
492,65,81
492,48,100
493,38,63
493,41,61
493,93,99
493,63,66
493,11,86
494,83,63
494,77,20
494,89,82
494,74,13
494,11,18
495,45,96
495,31,43
495,42,24
495,74,35
495,33,17
496,39,30
496,19,51
496,18,43
496,71,89
496,94,30
497,9,8
497,84,4
497,86,37
497,8,37
497,76,16
498,93,100
498,55,28
498,67,18
498,23,54
498,58,72
499,77,49
499,62,78
499,85,18
499,84,49
499,53,51
500,99,39
500,15,48
500,53,57
500,100,29
500,79,99
501,29,69
501,66,75
501,34,59
501,60,81
501,98,53
502,54,46
502,92,32
502,35,62
502,84,61
502,52,42
503,23,41
503,74,56
503,35,22
503,16,89
503,100,91
504,3,100
504,18,62
504,45,99
504,20,39
504,61,47
505,95,57
505,14,16
505,10,15
505,76,5
505,17,72
506,47,72
506,32,27
506,18,21
506,11,14
506,49,3
507,43,51
507,97,9
507,67,68
507,84,99
507,7,17
508,82,22
508,31,24
508,71,37
508,51,59
508,88,47
509,74,16
509,10,21
509,49,45
509,1,80
509,46,73
510,74,44
510,55,15
510,66,19
510,18,43
510,75,29
511,6,49
511,62,22
511,77,82
511,85,69
511,2,53
512,48,38
512,39,61
512,99,40
512,79,72
512,52,9
513,28,84
513,79,13
513,64,59
513,34,48
513,3,92
514,4,28
514,56,77
514,31,9
514,20,5
514,74,86
515,7,4
515,63,7
515,43,68
515,69,45
515,4,57
516,66,80
516,21,11
516,69,85
516,13,31
516,84,15
517,82,27
517,94,72
517,18,27
517,65,11
517,14,46
518,21,86
518,70,57
518,37,49
518,66,4
518,89,73
519,25,55
519,5,7
519,73,95
519,64,88
519,45,88
520,95,34
520,70,85
520,58,44
520,54,13
520,3,2
521,31,60
521,5,1
521,54,24
521,80,91
521,66,2
522,80,39
522,31,96
522,40,38
522,10,62
522,77,32
523,95,72
523,29,13
523,56,68
523,92,94
523,91,82
524,24,16
524,41,49
524,20,50
524,30,87
524,5,97
525,37,66
525,6,100
525,74,39
525,29,67
525,56,33
526,46,48
526,89,5
526,7,9
526,74,69
526,1,17
527,3,46
527,54,93
527,98,87
527,52,20
527,91,40
528,45,25
528,62,26
528,97,76
528,77,73
528,44,58
529,29,59
529,94,36
529,82,72
529,4,69
529,87,51
530,28,52
530,86,71
530,38,90
530,60,33
530,70,31
531,67,12
531,47,49
531,94,11
531,40,79
531,39,97
532,40,88
532,89,79
532,49,20
532,90,17
532,14,33
533,66,15
533,3,8
533,82,40
533,46,28
533,63,39
534,37,46
534,62,87
534,33,15
534,19,71
534,14,60
535,67,67
535,83,60
535,59,46
535,61,31
535,98,37
536,94,7
536,72,54
536,63,41
536,1,44
536,65,14
537,42,38
537,99,95
537,76,14
537,33,48
537,43,41
538,90,89
538,46,76
538,79,40
538,12,6
538,22,63
539,69,37
539,92,94
539,82,79
539,63,70
539,32,12
540,77,56
540,96,86
540,15,21
540,23,65
540,13,77
541,41,40
541,11,64
541,71,99
541,54,100
541,58,30
542,30,77
542,31,45
542,59,64
542,79,67
542,33,7
543,59,92
543,99,45
543,60,68
543,16,46
543,86,87
544,82,64
544,86,76
544,76,32
544,84,17
544,60,67
545,63,17
545,73,44
545,99,17
545,93,51
545,55,41
546,13,77
546,81,47
546,26,21
546,69,91
546,39,93
547,8,62
547,42,67
547,36,65
547,82,29
547,49,18
548,73,1
548,4,95
548,19,5
548,94,48
548,49,83
549,18,57
549,64,24
549,57,27
549,36,6
549,46,81
550,51,98
550,7,14
550,52,96
550,17,55
550,79,17
551,66,3
551,8,52
551,19,38
551,88,65
551,90,76
552,74,4
552,7,49
552,50,34
552,4,74
552,13,8
553,61,91
553,93,24
553,22,91
553,49,85
553,6,78
554,45,99
554,74,61
554,41,81
554,19,25
554,23,62
555,40,63
555,48,4
555,79,6
555,47,88
555,44,12
556,13,72
556,89,67
556,24,35
556,17,4
556,31,74
557,36,98
557,20,34
557,90,83
557,57,45
557,88,3
558,67,9
558,5,66
558,28,18
558,89,17
558,2,25
559,80,67
559,48,1
559,61,59
559,5,5
559,39,85
560,44,5
560,97,94
560,93,93
560,59,17
560,3,91
561,39,83
561,8,42
561,85,88
561,72,48
561,52,2
562,66,71
562,62,29
562,80,6
562,13,37
562,39,42
563,41,43
563,18,71
563,14,94
563,55,24
563,87,55
564,26,65
564,19,21
564,97,11
564,28,98
564,99,34
565,77,60
565,72,21
565,80,98
565,99,38
565,83,24
566,14,14
566,59,18
566,37,40
566,61,15
566,95,67
567,54,63
567,6,99
567,25,89
567,91,15
567,95,27
568,44,84
568,34,88
568,100,2
568,79,6
568,58,23
569,92,10
569,35,17
569,59,96
569,43,79
569,85,98
570,4,52
570,55,12
570,67,45
570,30,100
570,41,98
571,94,54
571,64,76
571,69,34
571,22,25
571,48,79
572,32,89
572,96,33
572,24,69
572,99,51
572,86,86
573,25,64
573,15,70
573,44,37
573,19,53
573,9,49
574,7,17
574,85,83
574,41,20
574,65,7
574,26,12
575,55,64
575,61,90
575,32,47
575,64,39
575,23,23
576,81,28
576,32,62
576,55,77
576,71,10
576,93,85
577,54,11
577,83,52
577,98,85
577,69,27
577,6,75
578,12,60
578,3,35
578,40,38
578,61,31
578,11,51
579,72,14
579,51,90
579,74,60
579,84,55
579,46,12
580,17,13
580,63,50
580,12,50
580,10,47
580,98,73
581,4,62
581,41,35
581,79,86
581,28,44
581,24,33
582,51,23
582,76,50
582,64,23
582,22,74
582,11,91
583,93,48
583,37,28
583,62,68
583,5,81
583,84,25
584,88,63
584,93,94
584,7,30
584,65,66
584,5,56
585,68,17
585,13,66
585,25,19
585,19,100
585,38,3
586,5,85
586,54,22
586,95,43
586,4,60
586,37,63
587,95,76
587,6,61
587,40,8
587,13,59
587,73,4
588,25,78
588,52,67
588,10,71
588,19,72
588,7,69
589,10,90
589,69,80
589,4,94
589,64,76
589,15,19
590,10,51
590,44,40
590,47,82
590,17,48
590,97,72
591,25,96
591,38,44
591,72,5
591,63,41
591,2,59
592,85,97
592,68,76
592,53,32
592,42,41
592,71,27
593,69,37
593,3,51
593,51,62
593,71,70
593,22,17
594,39,45
594,83,2
594,22,2
594,20,9
594,16,11
595,33,43
595,95,25
595,98,56
595,99,33
595,81,80
596,58,49
596,59,81
596,60,43
596,49,40
596,83,6
597,33,85
597,36,43
597,13,20
597,28,55
597,21,63
598,85,54
598,73,45
598,64,92
598,65,29
598,31,43
599,63,70
599,75,8
599,23,14
599,80,50
599,4,47
600,24,13
600,100,84
600,29,53
600,6,56
600,71,46
601,24,63
601,67,78
601,10,59
601,34,28
601,83,80
602,57,66
602,44,6
602,58,97
602,97,65
602,77,95
603,59,78
603,62,64
603,90,86
603,77,10
603,74,3
604,82,54
604,64,6
604,37,33
604,79,47
604,1,69
605,72,29
605,33,46
605,67,8
605,84,54
605,60,43
606,2,32
606,63,5
606,44,40
606,4,61
606,64,32
607,19,17
607,69,72
607,52,36
607,73,25
607,3,30
608,33,41
608,30,74
608,31,45
608,49,93
608,62,86
609,69,57
609,78,96
609,4,23
609,70,27
609,13,77
610,1,14
610,75,100
610,100,76
610,64,68
610,51,40
611,55,93
611,2,30
611,74,53
611,17,80
611,66,33
612,81,21
612,14,99
612,5,81
612,76,74
612,65,12
613,88,95
613,76,90
613,61,40
613,22,22
613,73,54
614,46,23
614,50,86
614,58,60
614,36,27
614,89,22
615,20,72
615,56,100
615,94,34
615,49,42
615,68,91
616,20,14
616,38,9
616,46,75
616,57,47
616,37,54
617,29,99
617,73,12
617,96,1
617,95,30
617,72,66
618,78,51
618,43,50
618,30,14
618,35,5
618,42,53
619,62,42
619,53,42
619,56,35
619,16,26
619,69,74
620,14,72
620,7,51
620,45,39
620,23,15
620,16,40
621,53,11
621,15,61
621,71,56
621,78,79
621,35,20
622,56,47
622,29,52
622,25,29
622,26,22
622,10,27
623,71,90
623,57,46
623,84,9
623,99,36
623,10,16
624,82,93
624,36,9
624,63,87
624,51,27
624,8,84
625,97,46
625,80,33
625,40,68
625,99,1
625,25,23
626,80,58
626,50,22
626,27,10
626,46,87
626,54,12
627,34,14
627,96,56
627,18,93
627,13,2
627,61,69
628,59,68
628,95,9
628,36,73
628,73,60
628,34,25
629,1,19
629,88,11
629,20,43
629,78,50
629,10,52
630,74,89
630,33,84
630,9,25
630,30,71
630,98,63
631,81,14
631,34,36
631,68,13
631,24,99
631,20,13
632,83,71
632,59,29
632,19,86
632,87,20
632,29,58
633,61,77
633,54,9
633,76,80
633,3,99
633,64,55
634,80,76
634,9,80
634,98,1
634,77,47
634,46,60
635,25,78
635,11,69
635,6,43
635,24,3
635,33,59
636,94,23
636,81,39
636,67,21
636,52,63
636,71,97
637,46,21
637,60,43
637,14,2
637,18,81
637,25,22
638,39,55
638,90,27
638,94,28
638,92,48
638,24,25
639,59,35
639,45,49
639,73,46
639,30,91
639,9,29
640,28,5
640,4,64
640,5,15
640,78,81
640,48,86
641,39,76
641,74,31
641,18,18
641,57,97
641,26,35
642,2,46
642,26,4
642,99,17
642,6,72
642,34,25
643,24,85
643,6,3
643,92,56
643,59,11
643,40,94
644,56,60
644,54,81
644,92,39
644,91,99
644,18,64
645,6,28
645,25,79
645,53,76
645,69,40
645,74,92
646,96,45
646,10,55
646,37,63
646,92,77
646,80,7
647,19,4
647,36,32
647,96,17
647,83,100
647,4,51
648,71,60
648,8,89
648,51,76
648,38,90
648,70,83
649,99,33
649,27,1
649,65,24
649,32,16
649,15,67
650,57,31
650,45,33
650,51,15
650,65,70
650,89,82
651,6,57
651,25,89
651,32,43
651,81,57
651,57,16
652,63,33
652,80,23
652,28,94
652,3,1
652,7,54
653,81,15
653,26,36
653,45,94
653,15,64
653,73,38
654,89,98
654,17,98
654,90,76
654,38,65
654,45,40
655,79,69
655,33,89
655,41,86
655,49,27
655,92,68
656,81,27
656,13,74
656,91,6
656,94,10
656,95,56
657,12,86
657,58,73
657,86,43
657,37,77
657,2,35
658,59,90
658,67,37
658,61,50
658,78,3
658,100,81
659,84,21
659,13,60
659,44,37
659,21,5
659,2,82
660,55,64
660,11,5
660,83,92
660,98,22
660,47,58
661,32,17
661,22,82
661,91,26
661,64,48
661,33,32
662,79,62
662,3,71
662,63,69
662,36,62
662,89,32
663,72,69
663,45,50
663,28,22
663,80,89
663,35,66
664,11,90
664,72,67
664,68,43
664,42,25
664,38,18
665,44,23
665,29,32
665,83,51
665,86,2
665,22,39
666,99,23
666,36,66
666,81,83
666,87,9
666,74,3
667,91,2
667,97,52
667,82,30
667,52,40
667,26,34
668,39,82
668,99,67
668,64,94
668,34,93
668,63,50
669,72,75
669,39,32
669,24,45
669,37,30
669,16,86
670,18,72
670,31,18
670,38,95
670,85,93
670,5,21
671,18,82
671,67,61
671,55,6
671,94,62
671,16,77
672,21,11
672,42,71
672,60,70
672,44,80
672,22,73
673,98,67
673,28,74
673,8,90
673,36,20
673,59,36
674,83,26
674,15,99
674,17,62
674,43,20
674,42,3
675,22,63
675,71,92
675,18,25
675,11,43
675,10,72
676,53,15
676,31,95
676,75,74
676,38,44
676,2,95
677,17,81
677,50,48
677,67,93
677,43,3
677,35,45
678,76,17
678,47,31
678,5,28
678,14,39
678,36,18
679,69,3
679,87,9
679,76,38
679,86,47
679,94,69
680,39,84
680,86,78
680,16,31
680,9,50
680,91,82
681,57,92
681,2,63
681,31,96
681,52,54
681,85,23
682,80,47
682,12,32
682,78,11
682,93,29
682,69,91
683,27,94
683,1,39
683,69,89
683,25,73
683,21,72
684,67,78
684,55,39
684,74,95
684,88,65
684,8,11
685,16,45
685,7,3
685,11,96
685,45,23
685,88,40
686,100,98
686,43,91
686,92,72
686,32,1
686,19,35
687,50,33
687,65,73
687,78,95
687,44,56
687,87,27
688,100,81
688,99,48
688,3,45
688,54,67
688,44,82
689,97,53
689,99,14
689,86,71
689,67,96
689,23,70
690,91,89
690,42,40
690,11,100
690,46,99
690,44,71
691,16,7
691,8,70
691,12,58
691,45,71
691,96,43
692,73,55
692,16,11
692,56,30
692,74,94
692,11,62
693,9,20
693,10,27
693,78,92
693,40,19
693,56,45
694,54,14
694,74,80
694,58,83
694,35,73
694,87,71
695,14,96
695,3,42
695,6,15
695,16,21
695,40,14
696,100,1
696,49,37
696,80,99
696,28,75
696,79,2
697,79,21
697,64,17
697,84,94
697,42,83
697,17,5
698,43,30
698,70,2
698,26,52
698,99,94
698,95,6
699,20,76
699,9,97
699,5,26
699,100,60
699,2,17
700,80,24
700,30,71
700,93,47
700,75,55
700,97,4
701,60,7
701,37,60
701,19,55
701,54,3
701,90,2
702,48,14
702,12,73
702,72,36
702,24,33
702,46,75
703,3,6
703,66,74
703,8,21
703,13,24
703,7,11
704,80,64
704,10,74
704,14,21
704,23,18
704,65,81
705,90,67
705,51,22
705,78,4
705,33,24
705,59,81
706,24,78
706,61,68
706,84,83
706,11,86
706,13,70
707,17,23
707,12,6
707,44,85
707,38,81
707,26,79
708,10,1
708,44,19
708,45,70
708,32,47
708,81,11
709,34,13
709,68,14
709,39,41
709,5,71
709,17,44
710,85,35
710,49,51
710,100,54
710,17,73
710,93,90
711,48,6
711,7,19
711,26,53
711,3,58
711,66,66
712,68,28
712,40,10
712,34,28
712,97,5
712,77,64
713,92,93
713,49,23
713,41,84
713,3,100
713,33,38
714,81,84
714,41,3
714,86,43
714,95,50
714,38,12
715,39,6
715,46,83
715,83,83
715,90,9
715,45,53
716,17,35
716,95,43
716,85,41
716,67,22
716,75,86
717,11,30
717,74,15
717,95,72
717,31,48
717,5,62
718,44,44
718,91,73
718,12,47
718,53,10
718,86,34
719,10,7
719,53,88
719,8,52
719,20,18
719,1,58
720,69,17
720,19,17
720,81,6
720,73,27
720,83,6
721,17,26
721,19,24
721,24,48
721,16,97
721,37,25
722,7,90
722,50,39
722,82,27
722,33,91
722,64,27
723,46,50
723,3,74
723,15,15
723,20,28
723,44,7
724,68,64
724,85,79
724,77,90
724,86,96
724,79,34
725,10,85
725,99,6
725,74,23
725,39,75
725,53,97
726,28,5
726,14,65
726,36,96
726,34,98
726,8,59
727,16,52
727,35,68
727,57,100
727,86,91
727,40,27
728,55,13
728,75,30
728,61,81
728,41,32
728,85,5
729,66,98
729,51,22
729,74,73
729,57,37
729,94,62
730,56,33
730,50,58
730,93,66
730,53,10
730,88,35
731,8,32
731,96,84
731,100,29
731,64,19
731,50,49
732,43,37
732,79,90
732,69,12
732,63,16
732,12,62
733,8,31
733,69,83
733,85,29
733,28,11
733,54,43
734,88,43
734,2,71
734,65,48
734,97,34
734,21,87
735,60,54
735,53,89
735,17,9
735,92,12
735,6,29
736,85,24
736,22,13
736,27,10
736,2,71
736,82,63
737,39,90
737,82,30
737,25,26
737,22,60
737,57,83
738,36,5
738,79,51
738,62,86
738,3,91
738,24,74
739,48,14
739,72,47
739,49,97
739,15,45
739,37,69
740,35,89
740,12,63
740,65,27
740,37,98
740,76,69
741,99,47
741,53,35
741,5,79
741,7,41
741,28,11
742,11,63
742,52,97
742,59,100
742,27,28
742,22,29
743,94,96
743,62,2
743,17,39
743,60,84
743,1,62
744,3,50
744,12,51
744,17,23
744,29,39
744,33,86
745,14,14
745,59,39
745,82,79
745,33,36
745,73,63
746,76,72
746,97,92
746,95,22
746,12,52
746,93,49
747,38,37
747,82,23
747,94,31
747,89,91
747,10,70
748,38,38
748,11,49
748,4,90
748,100,60
748,96,85
749,65,42
749,29,51
749,32,4
749,20,75
749,89,99
750,78,46
750,79,64
750,90,47
750,33,89
750,43,44
751,22,86
751,9,83
751,42,75
751,59,24
751,32,3
752,97,44
752,33,85
752,35,22
752,50,96
752,20,58
753,35,100
753,56,63
753,64,100
753,49,94
753,14,21
754,84,68
754,29,58
754,32,34
754,69,11
754,67,21
755,25,32
755,83,17
755,13,13
755,31,20
755,60,85
756,38,86
756,30,93
756,15,45
756,53,5
756,61,86
757,81,55
757,29,2
757,2,94
757,20,23
757,62,36
758,65,89
758,71,2
758,57,18
758,86,76
758,52,51
759,56,98
759,61,93
759,17,52
759,43,1
759,92,19
760,2,4
760,26,56
760,30,83
760,22,57
760,40,44
761,74,72
761,82,26
761,28,84
761,42,58
761,57,53
762,42,46
762,37,2
762,51,11
762,16,36
762,98,12
763,21,45
763,47,22
763,28,58
763,20,91
763,69,70
764,42,88
764,100,34
764,63,26
764,76,86
764,74,27
765,23,28
765,30,21
765,59,47
765,41,24
765,44,100
766,83,52
766,51,9
766,21,98
766,28,86
766,8,84
767,57,91
767,82,82
767,28,71
767,11,71
767,95,75
768,9,97
768,84,22
768,1,84
768,99,37
768,76,80
769,52,84
769,94,45
769,17,20
769,82,57
769,11,69
770,72,16
770,84,69
770,89,87
770,53,54
770,43,58
771,30,83
771,46,41
771,23,76
771,73,68
771,39,68
772,8,13
772,70,74
772,52,91
772,61,86
772,93,54
773,32,52
773,36,17
773,54,37
773,78,27
773,91,28
774,31,12
774,55,72
774,33,14
774,97,100
774,16,24
775,74,94
775,26,5
775,53,65
775,82,5
775,19,73
776,76,41
776,63,94
776,48,3
776,10,9
776,15,55
777,29,96
777,69,95
777,70,75
777,16,23
777,76,65
778,74,47
778,20,14
778,28,42
778,87,10
778,47,11
779,95,12
779,10,90
779,38,84
779,53,99
779,57,32
780,38,65
780,99,22
780,75,69
780,29,90
780,28,16
781,86,25
781,50,27
781,14,46
781,93,90
781,26,52
782,34,94
782,86,47
782,4,92
782,81,68
782,14,89
783,1,7
783,52,3
783,58,25
783,33,85
783,11,88
784,91,18
784,18,65
784,83,66
784,68,72
784,70,86
785,22,77
785,54,12
785,24,71
785,97,89
785,66,65
786,5,78
786,42,69
786,97,28
786,19,13
786,2,75
787,84,55
787,61,2
787,17,32
787,22,84
787,44,38
788,38,69
788,88,77
788,90,6
788,85,65
788,58,93
789,82,76
789,90,41
789,53,5
789,79,27
789,22,48
790,89,45
790,56,71
790,27,6
790,74,19
790,99,68
791,25,51
791,91,59
791,38,21
791,47,72
791,6,62
792,19,93
792,12,45
792,36,80
792,50,38
792,99,30
793,74,42
793,97,25
793,95,49
793,79,97
793,48,57
794,94,6
794,13,41
794,36,2
794,60,50
794,20,59
795,73,75
795,88,1
795,95,69
795,85,46
795,63,49
796,46,100
796,84,19
796,73,51
796,53,84
796,34,26
797,29,53
797,2,31
797,48,16
797,11,21
797,27,67
798,39,66
798,27,2
798,92,19
798,17,44
798,61,96
799,96,31
799,88,40
799,21,42
799,46,96
799,56,36
800,86,44
800,10,25
800,40,23
800,83,57
800,1,28
801,28,16
801,27,93
801,96,88
801,61,92
801,93,24
802,77,37
802,99,71
802,76,21
802,73,74
802,32,64
803,41,71
803,8,4
803,56,99
803,77,25
803,13,22
804,52,26
804,5,56
804,45,1
804,22,34
804,74,64
805,4,18
805,44,22
805,98,70
805,35,87
805,39,23
806,9,99
806,6,24
806,14,67
806,1,91
806,29,62
807,39,60
807,73,14
807,59,83
807,10,46
807,75,56
808,33,26
808,3,21
808,90,75
808,2,95
808,48,68
809,89,25
809,15,47
809,28,20
809,23,82
809,78,81
810,40,14
810,59,1
810,17,42
810,57,28
810,93,1
811,28,68
811,97,97
811,65,82
811,42,98
811,37,30
812,77,21
812,21,20
812,22,60
812,15,57
812,30,38
813,36,84
813,69,40
813,39,82
813,67,90
813,62,91
814,85,73
814,55,5
814,71,80
814,94,59
814,4,76
815,12,70
815,87,44
815,11,17
815,6,20
815,89,64
816,33,97
816,89,52
816,4,97
816,28,34
816,57,61
817,28,17
817,35,33
817,40,17
817,18,5
817,83,71
818,81,55
818,60,3
818,58,42
818,66,96
818,6,28
819,92,57
819,3,56
819,37,13
819,71,26
819,88,70
820,7,17
820,15,78
820,48,54
820,50,39
820,42,28
821,81,69
821,29,90
821,39,11
821,28,32
821,9,69
822,2,49
822,87,53
822,85,32
822,63,15
822,51,45
823,100,41
823,40,70
823,18,38
823,85,61
823,62,73
824,7,99
824,97,89
824,57,46
824,39,90
824,72,58
825,8,32
825,17,75
825,27,4
825,56,67
825,23,97
826,54,12
826,63,7
826,31,87
826,58,49
826,83,29
827,37,12
827,53,64
827,19,18
827,86,45
827,85,42
828,65,23
828,94,17
828,28,96
828,45,92
828,81,29
829,24,22
829,26,18
829,2,56
829,46,21
829,79,91
830,46,3
830,94,63
830,100,7
830,55,89
830,49,53
831,99,95
831,19,7
831,53,59
831,43,3
831,88,45
832,54,49
832,95,61
832,92,1
832,98,30
832,11,13
833,66,17
833,76,49
833,63,79
833,77,9
833,23,80
834,8,90
834,93,52
834,57,95
834,59,75
834,44,77
835,72,61
835,80,18
835,9,85
835,1,4
835,69,31
836,73,83
836,46,13
836,5,88
836,1,39
836,13,51
837,65,93
837,24,64
837,19,13
837,73,41
837,42,19
838,79,89
838,37,14
838,33,9
838,65,7
838,88,51
839,38,71
839,30,58
839,34,92
839,12,88
839,13,12
840,7,32
840,56,21
840,76,49
840,97,75
840,57,31
841,60,81
841,57,91
841,61,76
841,63,66
841,6,94
842,20,34
842,4,13
842,19,18
842,88,99
842,77,44
843,70,5
843,48,82
843,17,64
843,88,5
843,13,48
844,51,87
844,11,55
844,36,3
844,82,78
844,47,59
845,96,86
845,72,14
845,40,3
845,64,85
845,45,61
846,25,83
846,65,73
846,10,19
846,47,23
846,2,5
847,14,21
847,4,20
847,62,94
847,12,32
847,77,39
848,85,35
848,13,65
848,35,78
848,28,33
848,42,5
849,21,19
849,59,90
849,44,46
849,31,55
849,63,49
850,15,34
850,78,1
850,75,59
850,45,64
850,35,75
851,32,83
851,80,46
851,100,37
851,19,55
851,65,75
852,97,4
852,3,96
852,59,32
852,41,48
852,62,32
853,13,38
853,22,100
853,68,54
853,45,36
853,65,94
854,79,40
854,65,88
854,81,59
854,53,42
854,54,22
855,94,23
855,91,10
855,20,68
855,22,39
855,64,97
856,89,23
856,62,39
856,80,68
856,94,11
856,35,85
857,14,6
857,39,2
857,10,42
857,11,72
857,57,99
858,9,70
858,80,74
858,98,43
858,50,4
858,53,95
859,38,55
859,30,54
859,44,62
859,41,93
859,27,2
860,39,80
860,73,83
860,55,77
860,97,8
860,60,11
861,35,39
861,9,93
861,57,16
861,32,9
861,69,70
862,11,78
862,26,52
862,73,48
862,74,87
862,99,73
863,82,80
863,78,89
863,50,65
863,7,4
863,90,84
864,88,17
864,63,44
864,25,5
864,68,59
864,67,97
865,78,37
865,15,4
865,71,88
865,67,24
865,42,56
866,26,64
866,14,27
866,10,18
866,23,53
866,92,57
867,100,47
867,7,15
867,80,7
867,31,88
867,3,40
868,46,31
868,6,69
868,67,97
868,99,11
868,38,22
869,6,86
869,100,7
869,81,67
869,66,10
869,49,35
870,89,77
870,40,82
870,88,30
870,93,71
870,12,65
871,20,25
871,87,44
871,1,53
871,81,17
871,57,22
872,41,79
872,58,28
872,66,41
872,97,97
872,62,98
873,21,86
873,88,55
873,70,62
873,6,21
873,59,40
874,17,98
874,61,40
874,7,86
874,40,19
874,20,12
875,29,4
875,60,91
875,14,3
875,72,80
875,48,39
876,31,93
876,32,66
876,15,80
876,21,21
876,36,86
877,30,91
877,60,40
877,8,79
877,32,78
877,75,74
878,20,3
878,77,51
878,84,80
878,58,19
878,69,26
879,15,29
879,27,72
879,25,37
879,72,74
879,52,18
880,57,36
880,92,3
880,5,95
880,94,70
880,74,40
881,86,96
881,9,22
881,94,13
881,19,30
881,3,60
882,23,3
882,47,32
882,40,89
882,80,100
882,60,54
883,42,55
883,55,75
883,3,37
883,11,26
883,60,74
884,60,58
884,97,7
884,77,50
884,67,19
884,64,74
885,63,63
885,33,77
885,38,55
885,60,88
885,67,33
886,46,85
886,99,42
886,79,13
886,59,29
886,25,40
887,24,17
887,18,23
887,86,64
887,59,25
887,29,56
888,31,88
888,44,88
888,75,82
888,51,96
888,38,62
889,90,93
889,83,100
889,98,77
889,69,13
889,13,37
890,17,17
890,9,54
890,83,12
890,74,63
890,25,1
891,53,82
891,74,69
891,71,60
891,52,7
891,96,71
892,4,27
892,88,63
892,43,8
892,16,89
892,49,44
893,25,99
893,9,60
893,58,19
893,94,42
893,56,21
894,34,55
894,68,86
894,4,49
894,77,81
894,18,32
895,30,25
895,16,44
895,43,23
895,98,94
895,23,47
896,81,99
896,10,73
896,39,45
896,82,33
896,33,12
897,53,2
897,45,26
897,59,27
897,9,38
897,29,96
898,4,94
898,11,39
898,76,7
898,86,22
898,7,28
899,30,86
899,9,37
899,37,16
899,86,70
899,25,27
900,62,45
900,89,28
900,100,41
900,69,35
900,75,49
901,84,48
901,2,12
901,85,8
901,22,96
901,62,64
902,13,50
902,83,19
902,89,40
902,87,49
902,1,24
903,58,96
903,34,70
903,10,47
903,19,99
903,85,1
904,45,81
904,21,57
904,41,65
904,91,77
904,29,10
905,86,51
905,4,73
905,44,65
905,14,69
905,41,20
906,80,16
906,61,89
906,6,20
906,60,53
906,68,52
907,36,63
907,10,53
907,7,40
907,71,57
907,50,62
908,18,21
908,41,30
908,97,5
908,73,17
908,30,39
909,57,66
909,42,30
909,81,45
909,54,13
909,63,7
910,2,7
910,8,65
910,63,73
910,33,81
910,47,28
911,97,65
911,60,54
911,18,64
911,50,9
911,51,9
912,77,3
912,2,60
912,51,94
912,9,32
912,78,74
913,97,92
913,56,13
913,57,7
913,71,68
913,54,85
914,63,57
914,99,21
914,98,57
914,29,35
914,34,44
915,13,77
915,17,88
915,35,6
915,2,26
915,32,2
916,63,8
916,2,44
916,85,10
916,66,79
916,59,50
917,68,25
917,31,87
917,88,100
917,25,82
917,62,1
918,47,6
918,6,79
918,26,9
918,21,10
918,89,34
919,85,29
919,50,40
919,92,5
919,29,49
919,73,28
920,31,13
920,83,75
920,19,13
920,53,38
920,93,48
921,20,89
921,87,53
921,40,6
921,44,3
921,56,43
922,34,91
922,76,31
922,60,72
922,52,86
922,14,1
923,84,64
923,65,64
923,32,70
923,30,24
923,7,63
924,29,94
924,67,84
924,9,43
924,49,29
924,81,17
925,28,70
925,15,23
925,75,26
925,8,13
925,44,27
926,58,21
926,12,58
926,24,52
926,50,47
926,62,45
927,54,41
927,76,46
927,17,28
927,99,32
927,98,59
928,54,30
928,11,74
928,100,40
928,26,52
928,94,100
929,36,19
929,47,24
929,71,87
929,19,11
929,2,5
930,58,67
930,82,10
930,21,13
930,2,25
930,80,39
931,29,43
931,79,52
931,92,100
931,21,14
931,90,44
932,59,44
932,48,13
932,4,33
932,18,41
932,64,99
933,94,52
933,35,90
933,71,95
933,79,12
933,2,79
934,74,51
934,76,4
934,67,56
934,44,99
934,87,81
935,54,69
935,30,68
935,60,24
935,98,54
935,26,97
936,81,71
936,82,59
936,18,96
936,83,66
936,12,68
937,84,21
937,71,32
937,96,25
937,13,79
937,50,45
938,91,11
938,66,43
938,97,46
938,22,8
938,70,79
939,94,9
939,55,66
939,10,39
939,11,24
939,48,64
940,88,85
940,52,94
940,39,55
940,31,57
940,96,41
941,71,19
941,17,90
941,2,71
941,54,73
941,78,95
942,42,26
942,46,15
942,13,60
942,76,61
942,31,27
943,17,18
943,81,20
943,70,94
943,50,27
943,60,41
944,8,90
944,67,53
944,66,71
944,43,16
944,38,45
945,76,3
945,40,15
945,91,20
945,90,21
945,35,62
946,89,83
946,50,82
946,81,92
946,62,87
946,1,88
947,19,80
947,94,81
947,17,28
947,70,42
947,56,66
948,35,43
948,8,80
948,56,17
948,70,57
948,38,2
949,21,38
949,63,43
949,16,51
949,86,36
949,3,73
950,24,32
950,77,14
950,51,13
950,38,37
950,100,64
951,53,32
951,48,91
951,67,29
951,99,3
951,77,61
952,21,97
952,92,76
952,76,39
952,33,51
952,30,3
953,33,98
953,94,63
953,35,11
953,2,68
953,14,54
954,15,18
954,16,98
954,32,29
954,77,98
954,14,23
955,38,90
955,63,4
955,77,72
955,6,58
955,74,69
956,22,85
956,39,5
956,41,16
956,86,87
956,87,85
957,55,3
957,61,81
957,41,2
957,48,7
957,95,34
958,81,4
958,28,13
958,90,29
958,21,65
958,25,30
959,14,10
959,59,87
959,70,17
959,77,44
959,54,94
960,25,91
960,80,18
960,85,94
960,45,70
960,33,92
961,71,26
961,95,3
961,4,65
961,51,67
961,44,76
962,93,15
962,43,24
962,4,81
962,2,31
962,32,44
963,10,1
963,18,10
963,14,25
963,85,41
963,81,52
964,66,18
964,11,70
964,76,74
964,79,13
964,18,65
965,33,22
965,41,63
965,9,25
965,13,22
965,4,78
966,62,98
966,67,46
966,92,51
966,20,53
966,28,58
967,14,39
967,41,6
967,2,100
967,86,43
967,38,50
968,57,43
968,13,24
968,74,81
968,55,25
968,41,78
969,76,24
969,62,76
969,90,99
969,56,29
969,1,16
970,2,15
970,8,19
970,69,99
970,71,34
970,33,36
971,45,97
971,13,16
971,59,78
971,35,29
971,63,71
972,7,86
972,11,66
972,99,52
972,82,5
972,90,28
973,3,51
973,45,60
973,10,97
973,61,31
973,53,54
974,92,27
974,94,10
974,4,94
974,6,100
974,88,2
975,22,20
975,12,41
975,8,29
975,21,32
975,72,98
976,82,22
976,42,8
976,5,49
976,80,59
976,50,5
977,20,97
977,96,6
977,49,89
977,42,89
977,51,23
978,49,10
978,40,70
978,45,68
978,7,22
978,50,78
979,23,33
979,49,2
979,19,94
979,17,91
979,63,5
980,22,15
980,21,65
980,59,74
980,74,35
980,71,82
981,90,65
981,50,47
981,96,96
981,71,87
981,4,94
982,57,83
982,80,52
982,84,35
982,47,95
982,41,45
983,16,58
983,42,17
983,10,78
983,34,94
983,72,44
984,83,16
984,50,80
984,72,82
984,74,51
984,51,89
985,22,20
985,54,83
985,62,31
985,70,65
985,27,57
986,91,98
986,51,92
986,80,54
986,28,99
986,49,85
987,97,1
987,35,36
987,76,98
987,26,37
987,56,6
988,30,25
988,48,39
988,71,31
988,87,61
988,96,47
989,25,37
989,12,73
989,80,87
989,9,85
989,50,74
990,85,46
990,41,77
990,83,2
990,58,56
990,12,96
991,51,40
991,23,18
991,70,44
991,32,14
991,90,7
992,74,40
992,29,91
992,22,37
992,96,95
992,80,45
993,8,93
993,82,14
993,66,79
993,47,83
993,27,47
994,10,19
994,67,16
994,73,60
994,49,69
994,76,53
995,18,96
995,59,4
995,81,67
995,42,59
995,26,86
996,82,31
996,16,77
996,61,43
996,94,13
996,81,25
997,28,65
997,75,57
997,94,4
997,3,96
997,24,40
998,81,15
998,74,52
998,71,62
998,52,83
998,36,14
999,69,61
999,51,43
999,63,73
999,5,84
999,66,75
1000,46,91
1000,83,30
1000,31,11
1000,89,51
1000,32,6
